"timestamp","username","location","action","alert","time","diff"
"2025-09-21T06:00:48.709689","user2","London","login","London login - Suspicious location detected","1758434459580","1"
"2025-09-21T06:00:55.888618","user2","Russia","login","Russia login - Suspicious location detected","1758434459580","1"
"2025-09-21T06:00:58.591084","user1","Russia","login","Russia login - Suspicious location detected","1758434459580","1"
"2025-09-21T06:00:45.706456","user2","Russia","file_access","Russia file_access - Suspicious location detected","1758434459580","1"
"2025-09-21T06:00:51.712677","user2","Russia","login","Russia login - Suspicious location detected","1758434459580","1"
"2025-09-21T06:00:46.578655","user2","London","login","London login - Suspicious location detected","1758434459580","1"
"2025-09-21T06:00:54.409011","user1","New York","login","New York login - Suspicious location detected","1758434459580","1"
"2025-09-21T06:00:52.886262","user2","Russia","file_access","Russia file_access - Suspicious location detected","1758434459580","1"
"2025-09-21T06:00:54.715621","user2","New York","file_access","New York file_access - Suspicious location detected","1758434459580","1"
"2025-09-21T06:00:55.587656","user3","London","file_access","London file_access - Suspicious location detected","1758434459580","1"
"2025-09-21T06:00:57.853756","user2","New York","file_access","New York file_access - Suspicious location detected","1758434459580","1"
"2025-09-21T06:01:00.856668","user3","New York","login","New York login - Suspicious location detected","1758434461070","1"
"2025-09-21T06:01:00.721653","user2","Russia","login","Russia login - Suspicious location detected","1758434461070","1"
"2025-09-21T06:01:01.593659","user3","London","file_access","London file_access - Suspicious location detected","1758434461072","1"
"2025-09-21T06:01:03.417936","user3","Russia","login","Russia login - Suspicious location detected","1758434462570","1"
"2025-09-21T06:01:03.859628","user2","Russia","file_access","Russia file_access - Suspicious location detected","1758434464070","1"
"2025-09-21T06:01:04.596631","user3","London","file_access","London file_access - Suspicious location detected","1758434464076","1"
"2025-09-21T06:01:10.904631","user3","New York","file_access","New York file_access - Suspicious location detected","1758434470090","1"
"2025-09-21T06:01:10.602627","user2","New York","login","New York login - Suspicious location detected","1758434470090","1"
"2025-09-21T06:01:12.870670","user1","Russia","login","Russia login - Suspicious location detected","1758434473070","1"
"2025-09-21T06:01:13.907622","user2","New York","login","New York login - Suspicious location detected","1758434473094","1"
"2025-09-21T06:01:15.873810","user1","New York","file_access","New York file_access - Suspicious location detected","1758434476070","1"
"2025-09-21T06:01:16.608684","user3","London","file_access","London file_access - Suspicious location detected","1758434476102","1"
"2025-09-21T06:01:18.876895","user1","London","login","London login - Suspicious location detected","1758434479070","1"
"2025-09-21T06:01:18.743665","user1","Russia","login","Russia login - Suspicious location detected","1758434479070","1"
"2025-09-21T06:01:19.913668","user2","London","login","London login - Suspicious location detected","1758434479108","1"
"2025-09-21T06:01:21.439658","user3","London","file_access","London file_access - Suspicious location detected","1758434480570","1"
"2025-09-21T06:01:21.879985","user1","London","file_access","London file_access - Suspicious location detected","1758434482070","1"
"2025-09-21T06:01:21.746674","user2","New York","file_access","New York file_access - Suspicious location detected","1758434482070","1"
"2025-09-21T06:01:22.917685","user3","London","file_access","London file_access - Suspicious location detected","1758434482616","1"
"2025-09-21T06:01:24.442633","user3","London","file_access","London file_access - Suspicious location detected","1758434483570","1"
"2025-09-21T06:01:28.923626","user2","London","file_access","London file_access - Suspicious location detected","1758434488628","1"
"2025-09-21T06:01:30.755718","user2","New York","file_access","New York file_access - Suspicious location detected","1758434491070","1"
"2025-09-21T06:01:31.624956","user1","Russia","login","Russia login - Suspicious location detected","1758434491132","1"
"2025-09-21T06:01:37.630684","user2","Russia","login","Russia login - Suspicious location detected","1758434497154","1"
"2025-09-21T06:01:39.766680","user3","London","file_access","London file_access - Suspicious location detected","1758434500070","1"
"2025-09-21T06:01:40.635627","user3","New York","file_access","New York file_access - Suspicious location detected","1758434500164","1"
"2025-09-21T06:01:40.935636","user3","Russia","file_access","Russia file_access - Suspicious location detected","1758434500664","1"
"2025-09-21T06:01:42.902679","user3","Russia","file_access","Russia file_access - Suspicious location detected","1758434503070","1"
"2025-09-21T06:01:43.638859","user1","New York","file_access","New York file_access - Suspicious location detected","1758434503172","1"
"2025-09-21T06:01:45.905897","user2","Russia","login","Russia login - Suspicious location detected","1758434506070","1"
"2025-09-21T06:01:46.941630","user2","London","file_access","London file_access - Suspicious location detected","1758434506682","1"
"2025-09-21T06:01:48.467639","user1","Russia","file_access","Russia file_access - Suspicious location detected","1758434507570","1"
"2025-09-21T06:01:48.910254","user3","New York","file_access","New York file_access - Suspicious location detected","1758434509070","1"
"2025-09-21T06:01:48.776628","user1","London","login","London login - Suspicious location detected","1758434509070","1"
"2025-09-21T06:01:49.644752","user1","New York","file_access","New York file_access - Suspicious location detected","1758434509184","1"
"2025-09-21T06:01:51.470632","user2","New York","login","New York login - Suspicious location detected","1758434510570","1"
"2025-09-21T06:01:52.947626","user1","New York","login","New York login - Suspicious location detected","1758434512690","1"
"2025-09-21T06:01:54.916678","user2","New York","login","New York login - Suspicious location detected","1758434515070","1"
"2025-09-21T06:01:54.782631","user2","New York","file_access","New York file_access - Suspicious location detected","1758434515070","1"
"2025-09-21T06:01:57.476632","user3","London","login","London login - Suspicious location detected","1758434516570","1"
"2025-09-21T06:01:57.785631","user1","Russia","file_access","Russia file_access - Suspicious location detected","1758434518070","1"
"2025-09-21T06:01:58.954635","user1","Russia","login","Russia login - Suspicious location detected","1758434518716","1"
"2025-09-21T06:02:01.957952","user1","London","file_access","London file_access - Suspicious location detected","1758434521724","1"
"2025-09-21T06:02:03.482628","user1","Russia","file_access","Russia file_access - Suspicious location detected","1758434522570","1"
"2025-09-21T06:02:03.791631","user2","Russia","login","Russia login - Suspicious location detected","1758434524070","1"
"2025-09-21T06:02:03.926637","user3","Russia","file_access","Russia file_access - Suspicious location detected","1758434524070","1"
"2025-09-21T06:02:04.660640","user3","London","login","London login - Suspicious location detected","1758434524234","1"
"2025-09-21T06:02:06.485628","user1","New York","file_access","New York file_access - Suspicious location detected","1758434525570","1"
"2025-09-21T06:02:06.929670","user2","Russia","login","Russia login - Suspicious location detected","1758434527070","1"
"2025-09-21T06:02:07.663626","user2","Russia","file_access","Russia file_access - Suspicious location detected","1758434527238","1"
"2025-09-21T06:02:07.963680","user1","London","file_access","London file_access - Suspicious location detected","1758434527738","1"
"2025-09-21T06:02:09.488627","user3","London","login","London login - Suspicious location detected","1758434528570","1"
"2025-09-21T06:02:10.666623","user2","London","file_access","London file_access - Suspicious location detected","1758434530248","1"
"2025-09-21T06:02:10.966628","user2","Russia","file_access","Russia file_access - Suspicious location detected","1758434530754","1"
"2025-09-21T06:02:15.494658","user1","Russia","login","Russia login - Suspicious location detected","1758434534570","1"
"2025-09-21T06:02:15.803629","user1","London","file_access","London file_access - Suspicious location detected","1758434536070","1"
"2025-09-21T06:02:16.673146","user3","London","file_access","London file_access - Suspicious location detected","1758434536274","1"
"2025-09-21T06:02:16.972668","user3","Russia","login","Russia login - Suspicious location detected","1758434536776","1"
"2025-09-21T06:02:18.942798","user1","London","login","London login - Suspicious location detected","1758434539070","1"
"2025-09-21T06:02:21.948666","user2","Russia","login","Russia login - Suspicious location detected","1758434542070","1"
"2025-09-21T06:02:24.812665","user3","New York","login","New York login - Suspicious location detected","1758434543570","1"
"2025-09-21T06:02:24.952274","user1","Russia","file_access","Russia file_access - Suspicious location detected","1758434545070","1"
"2025-09-21T06:02:25.681685","user1","Russia","file_access","Russia file_access - Suspicious location detected","1758434545326","1"
"2025-09-21T06:02:25.981666","user1","New York","login","New York login - Suspicious location detected","1758434545828","1"
"2025-09-21T06:02:27.815623","user2","New York","file_access","New York file_access - Suspicious location detected","1758434546570","1"
"2025-09-21T06:02:27.955678","user1","New York","login","New York login - Suspicious location detected","1758434548072","1"
"2025-09-21T06:02:30.511670","user2","Russia","file_access","Russia file_access - Suspicious location detected","1758434549570","1"
"2025-09-21T06:02:33.964179","user1","London","login","London login - Suspicious location detected","1758434554070","1"
"2025-09-21T06:02:34.691623","user2","Russia","file_access","Russia file_access - Suspicious location detected","1758434554372","1"
"2025-09-21T06:02:36.517986","user3","Russia","login","Russia login - Suspicious location detected","1758434555570","1"
"2025-09-21T06:02:36.824630","user1","New York","file_access","New York file_access - Suspicious location detected","1758434555570","1"
"2025-09-21T06:02:36.967658","user3","New York","file_access","New York file_access - Suspicious location detected","1758434557070","1"
